Nama Pencari,Provinsi Gunung,Nama Gunung,Tinggi (mdpl),Deskripsi,Foto (url)
Raydzan,Jawa Timur,Semeru,3676,"Stratovolkano aktif dengan kawah Jonggring Saloka dan lanskap savana–danau (Ranu Kumbolo). Jalur populer via Ranu Pani, 2–3 hari, tanjakan pasir menuju puncak Mahameru cukup berat dan berangin; butuh fisik prima dan pantau status aktivitas.",https://images.unsplash.com/photo-1605860632725-fa88d0ce7a07?fm=jpg&q=60&w=3000&ixlib=rb-4.1.0&ixid=M3wxMjA3fDB8MHxzZWFyY2h8OHx8c2VtZXJ1fGVufDB8fDB8fHww
,Jawa Timur,Raung,3344,"Punya kaldera kering raksasa dan punggungan sempit yang dramatis. Trek terkenal teknis–terjal, banyak tebing dan batuan tajam; cocok pendaki berpengalaman dengan perlengkapan lengkap. Pemandangan kawah 360° sangat ikonik.",https://asset.kompas.com/crops/jtAjMVjuL444PWjQh8fx6l1LJL4=/0x0:1000x667/750x500/data/photo/2022/07/28/62e249a822a68.jpg
,Jawa Timur,Arjuno,3339,Gunung hutan pegunungan yang berdampingan dengan Welirang. Jalur Tretes/ Lawang/Batu cenderung panjang tapi tidak terlalu teknis; 2–3 hari dengan kemah di pos tinggi. Puncak Ogal-Agil menyajikan panorama pegunungan Jawa Timur.,https://backend.adventuraja.com/gallery/623966ae317f5926664e6c92/Gunung%20Welirang%208.jpg
,Jawa Timur,Welirang,3156,"Volkano aktif dengan solfatara dan tambang belerang tradisional. Rute via Tretes melewati hutan dan jalan makadam; medan panjang berbatu, gas belerang jadi tantangan. Sering digabung “double summit” Arjuno-Welirang.",Arjuno dan welirang hampir sama beda tinggi aja
,Jawa Timur,Argopuro,3088,"Trek lintas gunung terpanjang di Jawa: hutan–savana Cikasur–Danau Taman Hidup. Elevasi ramah, tetapi jarak dan ketersediaan air menuntut logistik matang (4–5 hari). Puncaknya bersejarah dengan situs Rengganis.",https://picture.triptrus.com/image/2014/06/gunung-argopuro.jpeg 
,Jawa Timur,Ijen,2769,"Terkenal danau kawah toska dan fenomena api biru. Pendakian dari Paltuding ±3 km menanjak relatif singkat, cocok pemula, tetapi wajib masker karena gas belerang. Sunrise dari bibir kawah spektakuler.",https://i.pinimg.com/736x/cf/ab/36/cfab36cd6e902090b32d4b67081ba85e.jpg
,Jawa Timur,Kawi-Butak,2651,"Kompleks pegunungan tua; hutan lebat dan padang rumput puncak yang luas. Jalur Paderman/Sirah Kencong medannya menengah: panjang, banyak percabangan, navigasi perlu cermat. View Arjuno-Welirang dan Malang dari puncak.",https://datagunung.com/images/mobile-Kawi-Butak.webp
,Jawa Timur,Ranti,2601,"Satu punggungan di kompleks Ijen sering disebut “negeri di atas awan”. Start dekat Paltuding; jalur lebih curam dan berpasir daripada Ijen, 3–5 jam ke puncak. Bonus panorama Kawah Ijen dan Raung.",https://datagunung.com/images/mobile-Ranti.webp
,Jawa Timur,Wilis,2563,"Gunung berapi tua (Puncak Liman) yang sepi pendaki. Banyak opsi jalur (Kediri, Madiun, Nganjuk) dengan trek hutan panjang dan minim penunjuk; 2–3 hari. Pemandangan terbuka terbatas namun alamnya masih perawan.",https://assets.pikiran-rakyat.com/crop/0x0:0x0/1200x675/webp/photo/2020/12/12/1549717195.jpg
,Sulawesi Selatan,Latimojong,3478,"Tertinggi di Sulawesi; bukan vulkanik. Trek hutan montana via Karangan 7 pos, licin saat hujan, butuh 3H2M. Puncak memberi horizon pegunungan Sulawesi yang luas.",https://media.zcreators.id/crop/0x0:0x0/x/photo/p2/44/2023/08/21/FotoJet-2023-08-21T132547008-295947498.jpg
,Sulawesi Selatan,Lompobattang,2874,"Kerabat Bawakaraeng, jalur via Lembanna panjang dan curam dengan sektor berbatu. Kategori menantang; cocok pendaki berpengalaman. View pantai–Makassar–Bawakaraeng dari puncak sangat memanjakan.",https://datagunung.com/images/mobile-Lompobattang.webp
,Sulawesi Selatan,Bawakaraeng,2830,"Gunung favorit Sulsel; jalur rapi 10 pos via Lembanna. Medan panjang dengan beberapa tanjakan berbatu, sumber air ada di beberapa pos. Kawah lapang di puncak dan panorama 360° jadi andalan.",https://cdn.rri.co.id/berita/Makassar/o/1750738288471-ILUSTRASI_PUNCAK_GUNUNG/o88w2m0618pskrg.jpeg
,Sulawesi Selatan,Bulu Baria,2730,"Bagian dari gugusan Lompobattang. Hutan rapat, jalur sunyi dengan sedikit penanda; biasa 2 hari 1 malam. Menawarkan pemandangan pegunungan Gowa dan awan pagi dari punggungan terbuka.",https://www.eigeradventure.com/blog/wp-content/uploads/2025/05/31.png
,Sulawesi Selatan,Manimporok,1661,"Bukit-gunung hutan tropis yang relatif ramah. Trek tanah akar, licin saat hujan; cocok pendaki pemula menuju menengah, 1–2 hari. Puncak memberi lanskap pedesaan dan lembah hijau.",https://upload.wikimedia.org/wikipedia/commons/thumb/f/f4/Soputan-Manimporok_dari_Desa_Tombatu.JPG/1200px-Soputan-Manimporok_dari_Desa_Tombatu.JPG
,Sulawesi Selatan,Bulu Saraung,1353,Di kawasan TN Bantimurung-Bulusaraung (karst). Jalur pendek tapi curam berbatu (±4 jam); populer sebagai pendakian sehari. Puncak menampilkan gelombang karst Maros dan lautan awan pagi.,https://indonesiakaya.com/wp-content/uploads/2020/10/Perjalanan_dari_pos_kesembilan_menuju_puncak_Gunung_Bulusaraung_hanya_memakan_waktu_sekitar_tiga_puluh_menit.jpg
,Kalimantan Selatan,Halau-Halau,1901,"Atap Pegunungan Meratus—rimba tropis murni. Akses via Kiyu/Loksado, 3–5 hari, menyeberang sungai dan jalur naik-turun tanpa view luas. Berat karena terpencil dan lembap; disarankan guide lokal.",https://cdn.antaranews.com/cache/1200x800/2025/03/31/DSC02525.jpg
,Kalimantan Selatan,Magaringsai,1600,"Punggungan Meratus yang jarang dikunjungi. Trek rimba, pacet, dan jalur tanah licin jadi ciri; logistik air mengandalkan sungai. Cocok untuk ekspedisi ringan 2 hari dengan pengalaman hutan yang kuat.",https://teladankalimantan.com/wp-content/uploads/2023/10/teladan-kalimantan-4-1536x868.jpg
,Kalimantan Selatan,Kahung,1456,"Dekat Lembah Kahung yang kaya air terjun dan hutan primer. Treknya remote, banyak lintah dan sedikit penanda; biasanya fokus trekking sungai dan camp. Puncak berhutan, view sesekali ke bukit Meratus.",https://www.gunungbagging.com/wp-content/NEXTGEN/kahung/DSCN3745.JPG
,Kalimantan Tengah,Bukit Raya,2278,"Tertinggi di Kalimantan Indonesia (TN Bukit Baka–Bukit Raya). Akses dan trekking panjang 4–6 hari menembus rimba lebat; sedikit panorama, tapi biodiversitas luar biasa. Wajib pakai pemandu adat Dayak.",https://upload.wikimedia.org/wikipedia/commons/7/7d/Gunung_Bukit_Raya.jpg
,Malaysia ,Kinabalu,4095,"Monolit granit raksasa (UNESCO). Pendakian terkelola baik: rute Timpohon 2 hari, bermalam di Laban Rata, final push di slab granit bertali. Berat karena tinggi, namun jalur aman—sunrise dari Low’s Peak tak terlupa.",https://media.istockphoto.com/id/1278256547/id/foto/pemandangan-udara-yang-indah-dari-pegunungan-berbatu-gunung-kinabalu.jpg?s=612x612&w=0&k=20&c=qDHT7SSGvw2Y2WmFgraOrBJsR17clKrLWgg4iqmqIbA=
FATHIR,Jawa Tengah,Merbabu,3145,"Merbabu sering disebut sebagai “saudara” dari Gunung Merapi karena letaknya berdekatan. Jalur pendakian Merbabu punya beberapa akses, salah satu yang populer adalah via Selo. Medannya cukup menantang di bagian atas, dengan tanjakan curam dan pemandangan vegetasi yang berubah dari hutan ke rumput pegunungan. Keistimewaan Merbabu adalah panorama yang indah ke arah Merapi dan gunung-gunung di sekitarnya, terutama saat sunrise atau sunset. Karena jalurnya relatif ramai dan sudah dikenal baik di kalangan komunitas pendaki, fasilitas pendukung seperti pos dan jalur cukup terawat.",https://indonesiatraveler.id/wp-content/uploads/2021/08/Jawa-Tengah-Taman-Nasional-Gunung-Merbabu1.png
,Jawa Tengah,Lawu,3265,"Gunung Lawu terletak di perbatasan Jawa Tengah dan Jawa Timur dengan ketinggian sekitar 3.265 meter. Gunung ini terkenal karena memiliki suasana mistis dan nilai spiritual tinggi bagi masyarakat Jawa. Terdapat beberapa jalur pendakian populer seperti Cemoro Sewu, Cemoro Kandang, dan Candi Cetho. Di lerengnya juga terdapat candi-candi peninggalan Hindu seperti Candi Sukuh dan Candi Cetho. Pemandangan dari puncak Lawu sangat menawan, terutama saat matahari terbit dengan lautan awan yang luas dan udara sejuk khas pegunungan tinggi.",https://triptofun.id/wp-content/uploads/2021/08/gunung_lawu_iqbalxpangestu.jpg
,Sulawesi Utara,karangetang,1784,"Gunung Karangetang merupakan salah satu gunung api paling aktif di Indonesia, dengan ketinggian sekitar 1.827 meter. Terletak di Pulau Siau, gunung ini sering mengeluarkan lava dan abu vulkanik, menjadikannya objek penelitian vulkanologi penting. Meski berbahaya, pesonanya tetap menarik karena dari lerengnya pendaki dapat melihat langsung panorama laut biru Sulawesi. Pendakian ke Karangetang hanya disarankan bagi pendaki berpengalaman dan saat kondisi aman.",https://datagunung.com/images/Karangetan.webp
,Sumatra Utara,Sinabung,2460,"Gunung Sinabung berdiri di dataran tinggi Karo dengan ketinggian sekitar 2.460 meter. Setelah ratusan tahun tertidur, gunung ini kembali aktif pada tahun 2010 dan beberapa kali meletus besar. Kini kawasan sekitarnya menjadi zona terbatas, namun panorama alam Sinabung tetap memukau, terutama dari kejauhan saat asap putih membumbung di atas puncaknya. Lerengnya dipenuhi ladang pertanian khas Karo dan udara sejuk pegunungan.",https://mmc.tirto.id/image/2018/02/19/erupsi-gunung-sinabung--2-antara-foto-antara-foto-2_ratio-16x9.jpg
,Sumatra Utara,Sibayak,2212,"Gunung Sibayak adalah gunung api aktif yang populer di kalangan wisatawan karena jalurnya mudah dan relatif aman. Ketinggiannya sekitar 2.181 meter. Dari puncaknya, pengunjung dapat melihat kawah berwarna kekuningan dengan semburan uap belerang serta panorama kota Berastagi di bawahnya. Gunung ini sering didaki untuk menikmati matahari terbit dan suasana pagi di dataran tinggi yang sejuk.",https://datagunung.com/images/Sibayak.webp
,Sumatra Utara,Gunung Toba,2157,"Gunung Toba sebenarnya adalah sisa dari supervulkan raksasa yang meletus puluhan ribu tahun lalu dan membentuk Danau Toba. Kaldera besar itu kini menjadi danau vulkanik terbesar di dunia. Di tengahnya berdiri Pulau Samosir, yang terbentuk dari sisa tekanan magma di dasar danau. Gunung Toba bukan lagi gunung yang bisa didaki secara konvensional, tetapi kawasan kalderanya menawarkan pemandangan spektakuler, sejarah geologi luar biasa, dan kekayaan budaya Batak yang kental.",https://upload.wikimedia.org/wikipedia/commons/thumb/0/0f/Danau_Toba.jpg/500px-Danau_Toba.jpg
,Sumatra Utara,Sorikmarapi,2145,"Gunung Sorikmarapi adalah gunung api aktif dengan ketinggian sekitar 2.145 meter, terletak di Kabupaten Mandailing Natal. Gunung ini memiliki kawah dengan danau kecil berwarna hijau kebiruan. Jalur pendakiannya tidak terlalu sulit, namun perlu kewaspadaan karena adanya aktivitas uap panas. Lerengnya masih alami, dihiasi hutan tropis dan suara burung, menjadikannya lokasi favorit untuk pecinta alam.",https://upload.wikimedia.org/wikipedia/commons/thumb/0/03/Sorikmarapi.jpg/500px-Sorikmarapi.jpg
,Aceh,Leuser,3119,"Gunung Leuser memiliki ketinggian sekitar 3.466 meter dan menjadi bagian dari Taman Nasional Gunung Leuser. Pendakian gunung ini dikenal sangat berat karena medannya berupa hutan hujan tropis lebat dan jalur panjang yang bisa memakan waktu lebih dari sepuluh hari. Gunung ini merupakan rumah bagi banyak satwa langka seperti orangutan Sumatra dan gajah liar. Dari puncaknya, panorama hutan Aceh dan pegunungan Bukit Barisan terlihat megah membentang.",https://datagunung.com/images/Leuser.webp
,Aceh,Peuet Sagoe,2801,"Gunung Peuet Sagoe adalah gunung api aktif di Kabupaten Pidie dengan ketinggian sekitar 2.780 meter. Gunung ini memiliki empat puncak besar dan menjadi salah satu gunung tertinggi di wilayah utara Aceh. Jalurnya masih alami dan belum banyak dijamah pendaki, memberikan sensasi petualangan yang tenang dan menantang. Vegetasi di sekitarnya lebat, dengan udara dingin dan kabut tebal hampir sepanjang hari.",https://datagunung.com/images/mobile-Peuet%20Sagoe.webp
,Jawa Tengah,Sumbing,3371,"Gunung Sumbing memiliki ketinggian 3.371 meter dan merupakan salah satu gunung tertinggi di Jawa Tengah. Gunung ini bersebelahan dengan Sindoro dan sering disebut “gunung kembar.” Jalur pendakiannya menantang dengan pemandangan lembah luas, ladang sayur, dan awan tebal yang menggantung di puncak. Dari puncak Sumbing, pemandangan Gunung Merapi, Merbabu, dan Sindoro terlihat jelas saat cuaca cerah.",https://datagunung.com/images/Sumbing.webp
,Jawa Tengah,Slamet,3432,"Gunung Slamet adalah gunung tertinggi di Jawa Tengah, dengan ketinggian sekitar 3.428 meter. Gunung ini memiliki jalur pendakian yang panjang dan berbatu, serta cuaca yang cepat berubah. Meskipun dikenal berat, Slamet tetap menjadi favorit pendaki karena panoramanya yang megah dan pemandangan kawah aktif yang mengeluarkan asap putih di puncak. Pendaki sering memulai perjalanan dari jalur Bambangan, yang merupakan rute paling populer.",https://datagunung.com/images/Slamet.webp
,Jawa Tengah,Sindoro,3154,"Gunung Sindoro berdiri berdampingan dengan Gunung Sumbing, dengan ketinggian sekitar 3.136 meter. Gunung ini termasuk gunung berapi aktif dengan kawah besar di puncaknya. Jalur pendakiannya menanjak konstan tetapi tidak terlalu ekstrem, cocok untuk pendaki berpengalaman menengah. Dari puncaknya, pendaki dapat melihat hamparan kebun tembakau, ladang sayur, dan pemandangan gunung-gunung di sekitarnya.",https://datagunung.com/images/Sindoro.webp
,Jawa Tengah,Merapi,2968,"Gunung Merapi adalah gunung berapi paling aktif di Indonesia dengan ketinggian sekitar 2.930 meter. Terletak di perbatasan Sleman (DIY) dan Magelang (Jateng), Merapi sering mengeluarkan lava pijar dan abu vulkanik. Meski berbahaya, gunung ini tetap populer karena kemegahan dan pesonanya. Pendakian biasanya dilakukan melalui jalur Selo, dan dari puncak, pendaki dapat melihat kota Yogyakarta serta Gunung Merbabu di seberangnya.",https://datagunung.com/images/Merapi.webp
,Jawa Tengah,Prau,2590,"Gunung Prau terkenal sebagai gunung favorit pendaki pemula dengan ketinggian sekitar 2.565 meter. Gunung ini berada di kawasan Dataran Tinggi Dieng dan dikenal karena “sunrise terindah di Jawa Tengah”. Jalur pendakiannya singkat dan mudah, hanya 2–3 jam dari basecamp. Puncaknya berupa padang rumput luas yang dipenuhi bunga edelweiss dan panorama lima gunung besar di sekitarnya.",https://datagunung.com/images/Prau.webp
,Jawa Tengah,Pakuwaja,2421,"Gunung Pakuwaja adalah salah satu gunung kecil di kawasan Dieng, dengan ketinggian sekitar 2.400 meter. Gunung ini tidak terlalu populer, tetapi menyimpan keindahan alam khas Dieng dengan padang rumput, bukit berundak, dan kabut tebal yang sering menyelimuti. Jalur pendakiannya pendek dan cocok untuk hiking santai atau wisatawan yang ingin menikmati pemandangan tanpa pendakian berat.",https://cdn.idntimes.com/content-images/community/2024/05/20240525-204247-7f6d7427829c50abde5fbdce33b82d50.jpg
,Jawa Tengah,Ungaran,2050,"Gunung Ungaran memiliki ketinggian sekitar 2.050 meter dan terletak dekat Kota Semarang. Gunung ini cocok untuk pendakian singkat satu hari karena medannya tidak terlalu sulit. Di lerengnya terdapat air terjun, perkebunan teh, dan situs Candi Gedong Songo. Dari puncak, terlihat pemandangan kota Semarang dan Laut Jawa di kejauhan.",https://datagunung.com/images/Ungaran.webp
,Aceh,Geureudong,2885,"Gunung Geureudong memiliki ketinggian sekitar 2.885 meter dan terletak di pedalaman Aceh Tengah. Gunung ini jarang didaki karena medannya berat dan vegetasinya lebat. Namun bagi pendaki berpengalaman, Geureudong menawarkan keindahan alami yang luar biasa berupa hutan tropis, kabut pegunungan, dan panorama lembah luas. Suasana alamnya masih sangat perawan dan sunyi.",https://datagunung.com/images/Geureudong.webp
,Jawa Tengah,Kembang,2340,"Gunung Kembang adalah gunung kecil yang terletak di antara Gunung Sindoro dan Gunung Sumbing, dengan ketinggian sekitar 2.340 meter. Jalurnya pendek tapi cukup menanjak, cocok untuk latihan sebelum mendaki gunung tinggi. Dari puncaknya, pemandangan dua gunung kembar Sumbing–Sindoro terlihat sangat jelas, terutama saat matahari terbit.",https://superlive.id/storage/articles/mobile/mobile_6303599d-8bf0-41f9-a041-9f7d00f22d26.jpg
,Lampung,Tanggamus,2100,"Gunung Tanggamus memiliki ketinggian sekitar 2.100 meter dan berada di Kabupaten Tanggamus. Gunung ini dikelilingi hutan tropis lebat dan menjadi sumber air bagi banyak sungai di sekitarnya. Jalur pendakiannya tidak terlalu sulit dan cocok untuk pendaki lokal. Dari puncaknya, terlihat Teluk Semaka dan hamparan laut Lampung bagian barat yang sangat indah.",http://4.bp.blogspot.com/-q0ITBqNy1UI/VphfgPTe6hI/AAAAAAAAAaU/nrjNhhSpquU/s1600/aaaa.jpg
,Sulawesi Utara,Klabat,1995,Gunung Klabat merupakan gunung tertinggi di Sulawesi Utara dengan ketinggian sekitar 1.995 meter. Gunung ini berada di dekat kota Airmadidi dan termasuk gunung berapi tipe strato yang kini tidak aktif. Jalurnya cukup menanjak namun aman untuk pendakian satu hari. Di puncaknya terdapat danau kecil berbentuk kawah dan panorama laut serta Pulau Lembeh yang menakjubkan.,"https://atourin.obs.ap-southeast-3.myhuaweicloud.com/images/destination/minahasa-utara/gunung-klabat-profile1645959098.png?x-image-process=image/resize,p_100,limit_1/imageslim"
RANDRA,Bali,Abang,2151,"Memiliki ketinggi 2151 mdpl, terletak di Kabupaten Bangli, Kecamatan Kintamani, Bali. Tergolong gunung api yang tidak aktif.",https://datagunung.com/images/mobile-Abang.webp
,Bali,Agung,3142,"Merupakan gunung tertinggi di Bali, terletak di Kecamatan Rendang, Kabupaten Karangasem. Pada lereng gunung terdapat pura Besakih. Gunung Agung merupakan gunung berapi bertipe strato.",https://datagunung.com/images/mobile-Agung.webp
,Jawa Tengah,Andong,1726,"Terletak di Desa Ngablak di Kecamatan Ngablak dan Desa Tlogorejo di Kecamatan Grabag, Kabupaten Magelang, Jawa Tengah.
Gunung Andong bersebelahan dengan Gunung Telomoyo. Pada lereng Gunung Andong terdapat Hutan Wisata Mangli. 
Gunung Andong memiliki 4 puncak: Puncak Makam, Jiwa, Andong, dan Alap-alap.",https://datagunung.com/images/mobile-Andong.webp
,Jawa Timur,Argopuro,3088,"Argopuro, gunung yang memiliki trek terpanjang di Jawa Timur. Dua jalur mencapai puncak via Bremi atau  Baderan, menyajikan pemandangan yang tidak mudah dilupakan.",https://datagunung.com/images/mobile-Argopuro.webp
,Jawa Timur,Arjuno,3339,"Gunung Arjuno terletak di Kabupaten Malang dan Kabupaten Pasuruan. Gunung ini berdekatan dengan Gunung Welirang dan Gunung Semeru, yang merupakan gunung tertinggi di Jawa Timur. Gunung ini berada di bawah pengelolaan Taman Hutan Raya Raden Soerjo.

Gunung Arjuno bersebelahan dengan Gunung Welirang, Gunung Kembar I, dan Gunung Kembar II. Puncak Gunung Arjuno berdekatan dengan puncak gunung Welirang, sehingga kompleks ini sering disebut juga dengan Arjuno-Welirang. 

Gunung Arjuno memiliki ketinggian sekitar 3.339 mdpl, merupakan gunung tertinggi kedua di Jawa Timur setelah Gunung Semeru.

Pada kawasan gunung Arjuno terdapat mata air sungai Brantas. Mata air sungai Brantas terletak di Desa Sumber Brantas, Bumiaji, yang merupakan sungai terpanjang kedua di Pulau Jawa setelah Bengawan Solo.",https://datagunung.com/images/mobile-Arjuno-Welirang.webp
,Bali,Batur,1717,"Terletak di kecamatan Kintamani, kabupaten Bangli, Bali.
Memiliki beberapa rute pendakian diantaranya:
- Via Pura Pasar Agung
- Via Toya Bungkah 
- Via Serongga
- Via Bukit Mentik

Di Gunung Batur terdapat aliran air yang mengalir ke Danau Batur, danau terbesar di Bali.",https://images.unsplash.com/photo-1508591086314-d7deb00cede9?ixlib=rb-4.0.3&ixid=MnwxMjA3fDB8MHxwaG90by1wYWdlfHx8fGVufDB8fHx8&auto=format&fit=crop&w=800&h=450&q=80
,Sulawesi Selatan,Bawakaraeng,2830,"Gunung Bawakaraeng adalah sebuah keindahan alam yang memukau di pulau Sulawesi, Indonesia. Terletak di provinsi Sulawesi Selatan, gunung berapi ini menawarkan pemandangan yang menakjubkan dan pengalaman yang tak terlupakan bagi para pengunjung yang mencintai petualangan dan keindahan alam.

Ketinggian Gunung Bawakaraeng, bersama dengan keberadaannya sebagai bagian dari busur vulkanik Sulawesi, memberikan daya tarik tersendiri. Dikelilingi oleh hamparan hijau dan kebun pertanian, gunung ini tidak hanya menawarkan pemandangan alam yang menakjubkan, tetapi juga memberikan kesempatan bagi para pendaki dan pencinta alam untuk menjelajahi keindahan yang alami dan unik.

Sulawesi Selatan memiliki kekayaan budaya yang kaya, dan Gunung Bawakaraeng menjadi bagian integral dari lanskap geografis dan sejarah lokal. Ketika Anda mendaki gunung ini, Anda akan merasakan kekayaan alam dan keindahan budaya yang melekat pada setiap langkah perjalanan Anda.",https://datagunung.com/images/mobile-Bawakaraeng.webp
,Maluku,Binaiya,3027,"Gunung Binaiya terletak di pulau Seram provinsi Maluku, dengan ketinggian 3027 mdpl. Gunung ini berada dalam area Taman Nasional Manusela.

Gunung Binaiya juga merupakan bagian dari 7 Puncak Indonesia.",https://datagunung.com/images/mobile-Binaiya.webp
,Jawa Tengah,Bismo,2365,Gunung Bismo berada di provinsi Jawa Tengah dengan ketinggian 2365 mdpl.,https://datagunung.com/images/mobile-Bismo.webp
,Jawa Timur,Bromo,2329,"Gunung Bromo adalah sebuah gunung berapi aktif yang terletak di Jawa Timur, Indonesia. Gunung ini merupakan bagian dari kawasan Taman Nasional Bromo Tengger Semeru, yang juga mencakup Gunung Semeru, gunung tertinggi di Pulau Jawa. Berada pada ketinggian sekitar 2.329 meter di atas permukaan laut, Gunung Bromo menawarkan pemandangan alam yang spektakuler dan menjadi salah satu destinasi wisata paling populer di Indonesia.",https://images.unsplash.com/photo-1551172897-36d59dd6b7a1?ixlib=rb-4.0.3&ixid=MnwxMjA3fDB8MHxwaG90by1wYWdlfHx8fGVufDB8fHx8&auto=format&fit=crop&w=800&h=450&q=80
,Jawa Barat,Cikuray,2821,"Gunung Cikuray terletak di Kabupaten Garut, Jawa Barat,  memiliki ketinggian 2821 mdpl dan merupakan gunung tertinggi keempat di Jawa Barat setelah Gunung Ciremai, Gunung Pangrango dan Gunung Gede.",https://datagunung.com/images/mobile-Cikuray.webp
,Jawa Barat,Ciremai,3078,"Gunung Ciremai adalah sebuah gunung berapi yang terletak di wilayah Jawa Barat, Indonesia. Gunung ini memiliki ketinggian 3.078 meter di atas permukaan laut dan merupakan gunung tertinggi di Provinsi Jawa Barat.

Gunung Ciremai terletak di wilayah Kabupaten Kuningan dan Kabupaten Majalengka. Gunung ini merupakan salah satu gunung berapi yang masih aktif di Indonesia, namun saat ini tidak tercatat adanya aktivitas vulkanik yang signifikan.",https://datagunung.com/images/mobile-Ciremai.webp
,Sumatera Selatan,Dempo,3173,"Gunung Dempo adalah gunung berapi kerucut yang terletak di Kabupaten Pagaralam, Sumatra Selatan, Indonesia. Gunung ini memiliki ketinggian sekitar 3.173 meter di atas permukaan laut, menjadikannya sebagai gunung tertinggi di wilayah Sumatra Selatan.

Gunung Dempo merupakan gunung api yang masih aktif dan terakhir kali meletus pada tahun 2009. Gunung ini juga dikenal sebagai salah satu gunung api yang paling aktif di Sumatra Selatan.

Gunung Dempo memiliki jalur pendakian yang cukup populer bagi para pendaki yang ingin menikmati pemandangan indah di sekitar gunung dan mencapai puncaknya. Terdapat beberapa jalur pendakian yang tersedia, namun jalur yang paling umum adalah melalui kawasan wisata air terjun Puncak Lawang, dengan rute pendakian yang relatif mudah dan diperkirakan dapat diselesaikan dalam waktu sekitar 5-7 jam.",https://datagunung.com/images/mobile-Dempo.webp
,Jawa Tengah,Dieng,2565,"Dataran Tinggi Dieng adalah sebuah dataran tinggi vulkanik yang terletak di Provinsi Jawa Tengah, Indonesia. Dataran tinggi ini terletak di wilayah Kabupaten Banjarnegara. Dataran Tinggi Dieng terkenal karena keindahan alamnya, fenomena geologi, dan warisan budayanya.

Dataran Tinggi Dieng terbentuk oleh aktivitas vulkanik dengan kawah yang mengeluarkan gas dan belerang. Di kawasan Dieng juga terdapat kompleks candi dan area pemandian air panas. Dataran Tinggi Dieng juga menawarkan pemandangan alam yang indah, termasuk ladang-ladang kentang, hamparan sawah, dan hijaunya perbukitan.",https://images.unsplash.com/photo-1611656600199-4d3a8845c233?ixlib=rb-4.0.3&ixid=MnwxMjA3fDB8MHxwaG90by1wYWdlfHx8fGVufDB8fHx8&auto=format&fit=crop&w=800&h=450&q=80
,Maluku Utara,Dukono,1335,"Gunung Dukono adalah sebuah gunung berapi yang terletak di pulau Halmahera, bagian dari provinsi Maluku Utara, Indonesia. Gunung ini dikenal sebagai salah satu gunung berapi yang aktif di Indonesia. Dukono terletak di bagian utara Halmahera dan merupakan bagian dari Cincin Api Pasifik, yang merupakan zona seismik aktif di mana sejumlah besar gunung berapi terletak.",https://datagunung.com/images/mobile-Dukono.webp
,NTT,Ebulobo,2124,Gunung Ebulobo berada di provinsi Nusa Tenggara Timur dengan ketinggian 2124 mdpl.,https://datagunung.com/images/mobile-Ebulobo.webp
,Jawa Barat,Galunggung,2168,"Terletak di Kabupaten Tasikmalaya, Jawa Barat. Gunung Galunggung adalah gunung api yang bertipe strato.
Gunung ini memiliki 2 puncak yaitu Puncak Dinding Ari dan Puncak Beuticanar.
Jalur pendakian:
Jalur Cigalontang atau wilayah Geger Hanjuang, Desa Linggamulya, Kecamatan Leuwisari, Kabupaten Tasikmalaya.
Untuk mencapai kawah Gunung Galunggung bisa berjalan melalui anak tangga yang berjumlah sekitar 620 atau juga bisa memanfaatkan jasa ojek.",https://datagunung.com/images/mobile-Galunggung.webp
,Maluku Utara,Gamalama,1715,"Gunung Gamalama merupakan gunung berapi aktif yang berada di pulau Ternate, provinsi Maluku Utara.",https://datagunung.com/images/mobile-Gamalama.webp
,Jawa Barat,Gede,2958,Gunung Gede berada di provinsi Jawa Barat dengan ketinggian 2958 mdpl.,https://datagunung.com/images/mobile-Gede.webp
,Jawa Barat,Guntur,2249,"Gunung Guntur di Kabupaten Garut, Jawa Barat meiliki jalur pendakian yang relatif mudah dan singkat, namun menyajikan pemandangan yang indah.",https://datagunung.com/images/mobile-Guntur.webp
RASYAD,Jawa Timur,Anjasmoro,2372,"Gunung Anjasmoro merupakan pegunungan yang terdapat di pulau Jawa, Indonesia. Ada lebih dari 40 puncak dan salah satunya yang tertinggi adalah Puncak Gunung Biru dengan ketinggian 2.331 meter dan Puncak Anjasmoro dengan ketinggian 2.269 meter keduanya berada di wilayah Kabupaten Mojokerto.",https://upload.wikimedia.org/wikipedia/commons/thumb/0/0c/Gunung_Anjasmoro_dari_Pujon.jpg/330px-Gunung_Anjasmoro_dari_Pujon.jpg
,Jawa Timur,Kelud,1731,"Gunung Kelud adalah sebuah gunung berapi di Jawa Timur yang hingga sekarang tergolong aktif. Gunung ini berada di perbatasan antara Kabupaten Kediri, Kabupaten Blitar, dan Kabupaten Malang.",https://upload.wikimedia.org/wikipedia/commons/thumb/4/40/Kelut.jpg/330px-Kelut.jpg
,Jawa Timur,Liman,2563,"Gunung Liman (terkadang dieja Gunung Ngliman) adalah sebuah gunung berapi (istirahat) yang terletak di Jawa Timur, Indonesia.",https://upload.wikimedia.org/wikipedia/commons/thumb/e/ee/Wilis.jpg/330px-Wilis.jpg
,Jawa Timur,Penanggungan,1653,"Gunung Penanggungan berada sekitar 55 kilometer sebelah timur Kota Surabaya, dekat dengan kota Mojokerto dan Pasuruan. Gunung Penanggungan memiliki ketinggian sekitar 1.653 meter di atas permukaan laut.

Gunung Penanggungan memiliki sejarah dan kebudayaan yang kaya. Pada abad ke-11 hingga ke-15, gunung ini menjadi pusat kerajaan Hindu dan Buddha di Jawa Timur. Terdapat banyak situs bersejarah yang masih dapat ditemukan di sekitar Gunung Penanggungan, seperti candi-candi dan peninggalan arkeologi lainnya.

Terdapat beberapa kompleks candi di area Gunung Penanggungan seperti Gentong, Wisnu, Jolutundo dan Bayi.

Selain nilai sejarah dan arkeologisnya, Gunung Penanggungan juga menawarkan panorama alam yang menakjubkan. Terdapat beberapa jalur pendakian yang dapat dipilih oleh para pendaki, seperti jalur dari Jolotundo, Tamiajeng atau Kedungudi. Pendakian ke puncak gunung ini relatif mudah, dan pemandangan yang ditemui di puncak akan memuaskan para pendaki.",https://datagunung.com/images/mobile-Penanggungan.webp
,Jawa Timur,Bromo,2329,"Gunung Bromo adalah sebuah gunung berapi aktif yang terletak di Jawa Timur, Indonesia. Gunung ini merupakan bagian dari kawasan Taman Nasional Bromo Tengger Semeru, yang juga mencakup Gunung Semeru, gunung tertinggi di Pulau Jawa. Berada pada ketinggian sekitar 2.329 meter di atas permukaan laut, Gunung Bromo menawarkan pemandangan alam yang spektakuler dan menjadi salah satu destinasi wisata paling populer di Indonesia.

Berikut adalah beberapa ciri khas dan deskripsi tentang Gunung Bromo:

Landscape Unik: Gunung Bromo terkenal karena lanskapnya yang unik. Kawah gunung yang aktif, dikelilingi oleh lautan pasir berwarna abu-abu, menciptakan pemandangan yang dramatis dan surreal.

Kawah Bromo: Kawah Gunung Bromo memiliki diameter sekitar 800 meter dan terus mengeluarkan asap putih yang menciptakan pemandangan mistis. Pengunjung dapat mendaki ke puncak kawah untuk melihat pemandangan yang menakjubkan dari ketinggian.

Padang Pasir Lautan Pasir: Di sekitar Gunung Bromo, terdapat lautan pasir luas yang menciptakan suasana gurun. Pengunjung dapat menyaksikan pemandangan ini saat perjalanan menuju kawah, baik dengan berjalan kaki atau naik kuda.

Pemandangan Sunrise yang Memukau: Salah satu momen paling populer di Gunung Bromo adalah matahari terbit. Banyak pengunjung memilih untuk naik ke puncak Bukit Penanjakan untuk menyaksikan pemandangan matahari terbit yang memukau, dengan Gunung Bromo sebagai latar belakang.

Tradisi Keagamaan Tengger: Kawasan sekitar Gunung Bromo dihuni oleh suku Tengger. Masyarakat Tengger memiliki tradisi unik, termasuk upacara adat dan ritual keagamaan yang berkaitan dengan gunung ini.

Aksesibilitas: Meskipun terletak di pedalaman Jawa Timur, Gunung Bromo relatif mudah diakses dari kota-kota terdekat seperti Malang dan Probolinggo. Wisatawan dapat menggunakan kendaraan pribadi atau memanfaatkan layanan tur wisata yang tersedia.

Gunung Bromo tidak hanya menarik bagi para pecinta alam dan pendaki gunung, tetapi juga bagi mereka yang tertarik dengan keindahan alam yang eksotis dan warisan budaya Indonesia.",https://images.unsplash.com/photo-1551172897-36d59dd6b7a1?ixlib=rb-4.0.3&ixid=MnwxMjA3fDB8MHxwaG90by1wYWdlfHx8fGVufDB8fHx8&auto=format&fit=crop&w=800&h=450&q=80
,NTB,Punikan,1418,Gunung Punikan berada di provinsi Nusa Tenggara Barat dengan ketinggian 1418 mdpl.,https://upload.wikimedia.org/wikipedia/commons/d/da/Gundukan_Punikan.jpg
,NTB,Sangeang Api,1949,Gunung Sangeang Api berada di provinsi Nusa Tenggara Barat dengan ketinggian 1949 mdpl.,https://cdn1-production-images-kly.akamaized.net/gGZhsLZdV7qPRySjFg3Ts1LbQMg=/500x281/smart/filters:quality(75):strip_icc():format(webp)/kly-media-production/medias/4684052/original/061704700_1702419751-WhatsApp_Image_2023-12-12_at_21.01.24.jpeg
,NTB,Rinjani,3726,"Gunung Rinjani adalah gunung berapi aktif yang terletak di Pulau Lombok, Nusa Tenggara Barat.
Terbentuk dari letusan vulkanik yang terjadi ribuan tahun yang lalu dan terus mengalami aktivitas vulkanik hingga saat ini. Puncak Rinjani dikelilingi oleh kawah yang luas dan danau yang terbentuk akibat letusan dahsyat pada masa lalu.
Kawah ini dikenal dengan sebutan Segara Anak yang memiliki kedalaman sekitar 230 meter dan di dalamnya terdapat Gunung Baru Jari yang merupakan gunung berapi muda.

Kawasan Rinjani memiliki keindahan alam yang luar biasa dan pemandangan indah dari puncak yang menakjubkan. Selain itu, kawasan Rinjani merupakan tempat bagi berbagai spesies flora dan fauna yang langka.

Pendakian ke Gunung Rinjani juga membutuhkan persiapan fisik dan mental prima karena jalur pendakian ke puncak cukup umumnya membutuhkan waktu yang relatif lama.",https://datagunung.com/images/mobile-Rinjani.webp
,NTB,Tambora,2722,Gunung Tambora berada di provinsi Nusa Tenggara Barat dengan ketinggian 2722 mdpl.,https://kwriu.kemdikbud.go.id/wp-content/uploads/2017/04/Tambora-742x440.jpg
,Bengkulu,Kaba,1952,"Gunung Kaba berada di provinsi Bengkulu dengan ketinggian 1952 mdpl.
",https://travelspromo.com/wp-content/uploads/2022/04/Pemandangan-kawah-hijau-toska-bukit-kaba.jpg
,Bengkulu,Bukit Daun,2467,"Gunung Bukit Daun berada di provinsi Bengkulu dengan ketinggian 2467 mdpl.
",https://asset.kompas.com/crops/ZEEU5XB4MWMgdQ85tIFVUno_J64=/0x21:1200x621/780x390/data/photo/2022/11/24/637edbd740304.jpg
,Bengkulu,Kunyit,2151,Gunung Kunyit berada di provinsi Bengkulu dengan ketinggian 2151 mdpl.,https://datagunung.com/images/mobile-Kunyit.webp
,Bengkulu,Patah,2852,Gunung Patah berada di provinsi Bengkulu dengan ketinggian 2852 mdpl.,https://datagunung.com/images/mobile-Patah.webp
,NTT,Egon,1703,Gunung Egon berada di provinsi Nusa Tenggara Timur dengan ketinggian 1703 mdpl.,https://awsimages.detik.net.id/community/media/visual/2024/11/03/gunung-egon_169.jpeg?w=1200
,NTT,Iliboleng,1659,Gunung Iliboleng berada di provinsi Nusa Tenggara Timur dengan ketinggian 1659 mdpl.,https://www.tourfloreskomodo.com/wp-content/uploads/2018/02/inerie.jpg
,NTT,Inierie,2245,Gunung Inierie berada di provinsi Nusa Tenggara Timur dengan ketinggian 2245 mdpl.,https://datagunung.com/images/mobile-Inierie.webp
,NTT,Ebulobo,2124,Gunung Ebulobo berada di provinsi Nusa Tenggara Timur dengan ketinggian 2124 mdpl.,https://datagunung.com/images/mobile-Ebulobo.webp
,Sulawesi Tengah,Bulu Torompupu,2463,"Memiliki ketinggian 2463 mdpl, lokasi gunung Torompupu yang berada di Desa Salua, kecamatan Kulawi, kabupaten Sigi, Sulawesi Tengah.

Gunung Torompupu merupakan bagian dari gugusan pegunungan Gawalise.
Jalur pendakiannya diperkenalkan oleh Mapala Sagarmatha Universitas Tadulako pada tahun 2002 dan sejak itu mulai sering dikunjungi para pendaki lokal maupun pendaki dari luar Sulawesi.",https://salutbali.com/wp-content/uploads/2024/02/Gunung-Tambusisi-1024x685.webp
,Sulawesi Tengah,Gawalise,2023,Gunung Gawalise berada di provinsi Sulawesi Tengah dengan ketinggian 2023 mdpl.,https://s3-us-west-1.amazonaws.com/peakery-media/images/items/main/cache/gunung-gawalise-1.jpg.1920x1440_q95_crop.jpg
,Sulawesi Tengah,Nokilalaki,2355,"Terletak di Sulawesi Tengah dan termasuk dalam kawasan Taman Nasional Lore Lindu. Gunung Nokilalaki memiliki ketinggian sekitar 2355 mdpl.

Untuk mencapai jalur utama menuju Nokilalaki, dapat dimulai dari persawahan Palolo dan Desa Tongoa.",https://static.republika.co.id/uploads/images/inpicture_slide/danau-lindu-dengan-latar-belakang-gunung-nokilalaki-_190723193654-532.jpg
ALFA,Jawa Barat,Burangrang,2050,"Gunung Burangrang adalah sebuah gunung api mati yang terletak di Pulau Jawa, Indonesia, dengan ketinggian mencapai 2.050 meter di atas permukaan laut. Gunung ini merupakan salah satu sisa dari letusan besar Gunung Sunda pada Zaman Prasejarah dan lokasinya bersebelahan dengan Gunung Sunda.","https://blue.kumparan.com/image/upload/fl_progressive,fl_lossy,c_fill,q_auto:best,w_640/v1634025439/01hxyajspspr2649mx4few438m.jpg"
,Jawa Barat,Kendang,2608,"Gunung Kendang adalah sebuah gunung berapi stratovolcano yang terletak di perbatasan antara Kecamatan Kertasari, Kabupaten Bandung, dan Kecamatan Pasirwangi, Kabupaten Garut, Jawa Barat. Gunung ini memiliki ketinggian 2.608 meter (8.556 kaki)",https://media.istockphoto.com/photos/mount-kendang-from-papandayan-picture-id689287910?k=20&m=689287910&s=612x612&w=0&h=HR1RmtXJRJQ3RnwaaLkRhSJORpurwF6IorLrRCcUzUc=
,Jawa Barat,Pangrango,3019,"Gunung Pangrango adalah sebuah gunung berapi tidak aktif (stratovolcano) yang berlokasi di bagian barat Pulau Jawa, Indonesia. Dengan ketinggian 3.023 meter di atas permukaan laut, gunung ini merupakan yang tertinggi kedua di Jawa Barat setelah Gunung Ceremai. Puncaknya dikenal sebagai Puncak Mandalawangi, yang juga menjadi titik pertemuan tiga wilayah kabupaten: Bogor, Cianjur, dan Sukabumi.",https://travelspromo.com/wp-content/uploads/2019/04/Taman-Nasional-Gunung-Gede-Pangrango.-Foto-Gmap-Abhi-Supryandi-e1556503633354.jpg
,Jawa Barat,Papandayan,2665,"Gunung Papandayan adalah gunung api stratovolcano yang berlokasi di Kecamatan Cisurupan, Kabupaten Garut, Jawa Barat. Gunung ini memiliki ketinggian 2.665 meter di atas permukaan laut dan terletak sekitar 70 km di sebelah tenggara Kota Bandung. Topografi di sekitar gunung ini curam, berbukit, dan memiliki tebing terjal. Iklimnya tergolong tipe B menurut klasifikasi Schmidt dan Ferguson, dengan suhu rata-rata 10∘C.",http://2.bp.blogspot.com/-f8nvVs3vv1o/VR8piMaOQGI/AAAAAAAAE9o/lJMivb7KAgs/s1600/0849f1a91d68a7de2050c5bd46fbb5ac.jpg
,Jawa Barat,Patuha,2434,"Gunung Patuha adalah sebuah gunung yang terletak di Rancabali, Ciwidey, Kabupaten Bandung, Jawa Barat, dengan ketinggian 2.434 meter. Gunung ini dijuluki ""Pak Tua"" karena usianya yang diperkirakan sangat tua, muncul ke permukaan saat Dataran Tinggi Bandung masih berupa dasar samudra. Secara geologis, gunung ini merupakan gunung api tipe ""B"" berjenis stratovolcano.",https://www.gotravelly.com/blog/wp-content/uploads/2022/02/gunung-patuha.jpg
,Jawa Barat,Salak,2211,"Gunung Salak adalah sebuah kompleks gunung berapi tua yang terletak di selatan Jakarta, tepatnya di wilayah Kabupaten Sukabumi dan Kabupaten Bogor, Jawa Barat. Nama ""Salak"" bukan berasal dari nama buah, melainkan dari kata bahasa Sansekerta, ""salaka,"" yang berarti ""perak"". Sejak tahun 2003, kawasan hutannya menjadi bagian dari perluasan Taman Nasional Gunung Halimun-Salak.",https://jalanjalanaja.com/wp-content/uploads/2022/10/gunung-salak.jpg
,Jawa Barat,Tangkuban Perahu,2084,"Gunung Tangkuban Parahu adalah gunung api aktif berjenis Stratovolcano yang terletak di antara Kabupaten Subang dan Kabupaten Bandung Barat, Provinsi Jawa Barat. Berada sekitar 20 km di utara Kota Bandung, gunung ini memiliki ketinggian 2.086 meter. Daerah di sekitar gunung ini dikelola oleh Perum Perhutanan dengan suhu rata-rata harian 17∘C pada siang hari dan 2∘C pada malam hari.",https://i.pinimg.com/originals/1e/2b/01/1e2b019bc4811b308fc09f4a094c0ba5.jpg
,Jawa Barat,Tilu,1154,"Gunung Tilu adalah sebuah gunung yang terletak di dekat perbatasan Kabupaten Kuningan, Jawa Barat, dan Kabupaten Brebes, Jawa Tengah. Secara administratif, gunung ini termasuk dalam wilayah Desa Jabranti, Kecamatan Karangkancana, dan Desa Cimara, Kecamatan Cibeureum, di Kabupaten Kuningan. Penting untuk dicatat bahwa Gunung Tilu di Kuningan ini bukan merupakan gunung berapi.",https://www.javatravel.net/wp-content/uploads/2022/02/Gunung-Tilu-Kuningan.jpg
,Sumatera Barat,Marapi,2891,"Gunung Marapi adalah gunung berapi kompleks yang terletak di Provinsi Sumatera Barat, Indonesia. Secara administratif, gunung ini berada dalam wilayah Kabupaten Agam dan Kabupaten Tanah Datar. Dengan ketinggian mencapai 2.891 meter di atas permukaan laut, Gunung Marapi merupakan salah satu gunung paling aktif di Pulau Sumatra. Pemandangannya dapat dinikmati dari Kota Bukittinggi dan Kota Padang Panjang.",https://datagunung.com/images/Marapi.webp
,Sumatera Barat,Sago,2271,"Gunung Sago merupakan sebuah gunung yang berada di perbatasan Kabupaten Lima Puluh Kota dan Kabupaten Tanah Datar, Provinsi Sumatera Barat. Ketinggiannya mencapai 2.261 meter. Gunung ini memiliki beberapa puncak, di antaranya Puncak Sago Malintang, Puncak Rabuang, dan Puncak Batu.",https://i.ytimg.com/vi/BSYkmRi_qJk/maxresdefault.jpg
,Sumatera Barat,Singgalang,2877,"Gunung Singgalang adalah sebuah gunung yang terletak di Provinsi Sumatera Barat, Indonesia, dengan ketinggian 2.877 meter. Secara administratif, gunung ini berada di wilayah Kabupaten Agam dan Kabupaten Tanah Datar. Dari bentuknya, Gunung Singgalang disebut sangat mirip dengan Gunung Merbabu di Jawa Tengah.",https://assets-a1.kompasiana.com/items/album/2021/08/23/singgalang-pagi-hari-cover-61230b4b31a28717c8683312.jpg
,Sumatera Barat,Talamau,2919,"Gunung Talamau adalah gunung tertinggi di Sumatera Barat dengan ketinggian 2.920 meter, terletak di Kabupaten Pasaman Barat. Gunung ini merupakan gunung api tidak aktif (tipe B) yang berdampingan dengan Gunung Pasaman. Letusan terakhir yang tercatat terjadi pada 31 Oktober 1869, yang mengeluarkan abu vulkanis dan lava hingga menewaskan 368 ekor kerbau.",https://1.bp.blogspot.com/-rSQfN6k7C6E/Vsy0m5w76xI/AAAAAAAADCs/RU74BErWOZQ/s1600/talamau.jpg
,Sumatera Barat,Talang,2597,"Gunung Talang (dikenal juga sebagai Salasi atau Sulasi) adalah gunung berapi tipe stratovolcano aktif yang terletak di Kabupaten Solok, Sumatera Barat. Gunung ini memiliki ketinggian 2.597 meter dan salah satu kawahnya telah menjadi danau yang dikenal sebagai Danau Talang.",https://padangkita.com/wp-content/uploads/2017/07/gunung-talang-travelogue.ero_.jpg
,Jambi,Kerinci,3805,"Gunung Kerinci merupakan gunung tertinggi di Pulau Sumatra sekaligus gunung berapi tertinggi di Indonesia dan Asia Tenggara, dengan ketinggian 3.805 mdpl. Gunung ini terletak di perbatasan antara Kabupaten Kerinci, Jambi, dan Kabupaten Solok Selatan, Sumatera Barat.",https://datagunung.com/images/Kerinci.webp
,Maluku Utara,Dukuno,1335,"Gunung Dukono adalah sebuah kompleks gunung berapi yang terletak di bagian utara Pulau Halmahera, Indonesia. Gunung ini terdiri dari beberapa kawah dengan tingkat aktivitas yang tinggi. Ketinggian puncaknya mencapai 1.335 meter. Gunung Dukono memiliki sejarah letusan yang panjang. Pada tahun 1550, terjadi letusan besar yang lavanya mengisi selat antara Pulau Halmahera dan lereng utara Gunung Mamuya. Letusan dengan skala lebih kecil juga tercatat pada tahun 1719, 1868, dan 1901. Sejak tahun 1933, Gunung Dukono terus-menerus mengalami letusan-letusan kecil yang berkelanjutan hingga saat ini.",https://datagunung.com/images/Dukono.webp
,Kalimantan Selatan,Halau-Halau,1901,"Gunung Halau-halau, yang juga dikenal sebagai Gunung Besar, merupakan puncak tertinggi di Provinsi Kalimantan Selatan dengan ketinggian 1.901 meter di atas permukaan laut. Gunung ini terletak di Pegunungan Meratus dan menjadi titik perbatasan antara tiga kabupaten, yaitu Hulu Sungai Tengah, Hulu Sungai Selatan, dan Tanah Bumbu.",https://getlost.id/wp-content/uploads/2022/01/Ahmad-Royani.jpg
,Papua Tengah,Jayawijaya,4884,"Pegunungan Jayawijaya adalah rangkaian pegunungan yang membujur di antara Provinsi Papua Tengah dan Provinsi Papua Pegunungan, Indonesia. Rangkaian pegunungan ini merupakan yang tertinggi di Indonesia, dengan puncaknya yang paling tinggi adalah Puncak Jaya, yang mencapai 4.884 meter dari permukaan laut.",https://asset.kompas.com/crops/S5MRcfhQ0-2B4PWlJb2VxZYOKXs=/0x0:0x0/750x500/data/photo/buku/63214d6f7a8c4.jpg
,Sulawesi Utara,Karangetang,1827,"Gunung Karangetang, yang juga dikenal sebagai Api Siau, adalah sebuah gunung berapi stratovolcano yang terletak di Pulau Siau, Kabupaten Kepulauan Siau Tagulandang Biaro, Sulawesi Utara. Gunung ini merupakan salah satu gunung berapi teraktif di Indonesia, dengan lebih dari 40 letusan tercatat sejak tahun 1675. Dengan ketinggian 1.827 meter di Puncak Selatan, Karangetang adalah gunung tertinggi di lepas pantai Sulawesi Utara.",https://1.bp.blogspot.com/-mM3N4OFbcws/WDIoCXKUQgI/AAAAAAAABjk/iR0jwH6pNd8zfBwOMLL05F9Kbn2CLT4igCLcB/s1600/Karangetang-009%2B2006.jpg
,Aceh,Leuser,3119,"Gunung Leuser adalah gunung non-vulkanik yang terletak di sebelah tenggara Aceh, Indonesia. Puncak Leuser memiliki ketinggian 3.119 meter dan merupakan salah satu dari tiga puncak utama di pegunungan Leuser. Dua puncak lainnya adalah Puncak Loser (3.404 m) dan puncak tertinggi yang sebenarnya (disebut ""Tanpa Nama"") dengan ketinggian 3.466 m.",https://datagunung.com/images/Leuser.webp
,Aceh,Geureudong,2885,"Gunung Geureudong, juga dikenal sebagai Bur Geureudong atau Bur ni Telong, adalah sebuah gunung berapi stratovolcano yang terletak di Provinsi Aceh, Indonesia. Ketinggian gunung ini mencapai 2.885 meter.",https://datagunung.com/images/Geureudong.webp